n,R_rating,e_communications,video_call,social,movies,e_meetings,preferred_number,transportation,highschool,year_of_birth,shoes_number,screen_time,number_of_siblings,preferred_color,pet,hM,hP,h,hair_color,eyes_color,bio_sex,weight,hobby,month_of_birth,preferred_animal,dominant_hand
1,Difficult,"e-mail
skype
whatsapp
Telegram","WhatsApp
Skype",You Tube,NA,"Zoom
Meet
Skype",9,Walk,Liceo Linguistico,2002,NA,NA,NA,NA,None,NA,NA,NA,NA,NA,NA,NA,NA,NA,NA,Right
2,Often useful,"e-mail
whatsapp
messaggi
Telegram",Altro,"You Tube
Instagram",NA,Meet,8,Car,Liceo Classico,1999,37,8,1,Pink,Other,155,165,155,Brown,Green,Female,57,"camminare, escursionismo montano, passeggiare, andare a cavallo
cucinare
danza
sport
shopping
varie (make up, mangiare dolci,  uncinetto, brainstorming, ...)",11,Horse,Right
3,Sometimes helpful,whatsapp,"WhatsApp
Skype
FaceTime","You Tube
Instagram
Altro","Netflix
Amazon Prime video","Skype
FaceTime",8,Train,Other,2001,42,10,0,Other,None,160,190,180,Blond,Blue,Female,70,"ascoltare la musica
cinema
cucinare
dipingere, disegnare
guardare documentari, film, telefilm, serie tv, sport
letture particolari: manga, news di natura finanziaria
moda
shopping
turismo
videogiochi",3,Penguin,Left
4,Difficult,e-mail,"WhatsApp
Skype","You Tube
Instagram
Facebook","Netflix
Amazon Prime video","Zoom
Meet
Skype",6,Bicycle,Liceo Artistico,1998,37,2,1,Red,"Cat
Dog
Fish",150,181,170,Brown,Brown,Female,55,"camminare, escursionismo montano, passeggiare, andare a cavallo
cinema
cucinare
dipingere, disegnare
guardare documentari, film, telefilm, serie tv, sport
sport
tecnologia, pc, scienza
volontariato (croce rossa, 118)",1,Cat,Right
5,Sometimes helpful,whatsapp,FaceTime,Instagram,Netflix,"Meet
FaceTime",10,Car,Liceo Linguistico,1999,41,5,1,Violet,"Cat
Dog",165,170,175,Brown,Green,Female,63,"ascoltare la musica
assistere ad eventi dal vivo (attività sportive, concerti)
camminare, escursionismo montano, passeggiare, andare a cavallo
cinema
fotografia
guardare documentari, film, telefilm, serie tv, sport
suonare strumenti musicali
turismo",12,Giraffe,Right
6,Sometimes helpful,"e-mail
whatsapp",NA,"You Tube
Twitter
Instagram",Netflix,"Zoom
Meet",9,Car,Other,2001,38,3,2,Pink,None,159,165,153,Black,Brown,Female,50,"ascoltare la musica
cucinare
guardare documentari, film, telefilm, serie tv, sport
studiare lingue orientali
volontariato (croce rossa, 118)",12,Koala,Right
7,Sometimes helpful,"e-mail
whatsapp
messaggi","WhatsApp
FaceTime","You Tube
Instagram
Facebook","Netflix
Amazon Prime video","Zoom
Meet",5,Train,Liceo Scientifico,1996,43,8,1,Black,None,165,173,184,Brown,Brown,Male,77,"ascoltare la musica
assistere ad eventi dal vivo (attività sportive, concerti)
cinema
guardare documentari, film, telefilm, serie tv, sport
letture particolari: manga, news di natura finanziaria
motori
sport
tecnologia, pc, scienza
videogiochi
volontariato (croce rossa, 118)",1,Eagle,Right
8,Difficult,"e-mail
whatsapp","Skype
FaceTime","Instagram
Facebook","Netflix
Amazon Prime video","Zoom
Meet",2,Car,Liceo Scientifico,2001,38,6,0,Pink,"Cat
Dog",164,176,175,Brown,Brown,Female,67,"ascoltare la musica
assistere ad eventi dal vivo (attività sportive, concerti)
cinema
cucinare
guardare documentari, film, telefilm, serie tv, sport
moda
shopping
varie (make up, mangiare dolci,  uncinetto, brainstorming, ...)",5,Cat,Right
9,Often useful,e-mail,"WhatsApp
FaceTime",Instagram,"Netflix
Amazon Prime video",Meet,3,Car sharing,Liceo Classico,2001,37,3,2,Red,"Dog
Reptile",160,185,162,Blond,Brown,Female,50,"ballare
cinema
danza
guardare documentari, film, telefilm, serie tv, sport
moda
shopping
storia dell’arte
turismo",2,Lion,Right
10,Often useful,"e-mail
whatsapp","WhatsApp
Skype
FaceTime","You Tube
Twitter
Instagram
Facebook",Amazon Prime video,"Meet
FaceTime",5,Car,Other,2001,39,2,1,Orange,None,170,170,173,Black,Brown,Female,59,"ascoltare la musica
palestra
sport
suonare strumenti musicali",4,Koala,Right
11,Sometimes helpful,"e-mail
whatsapp","Skype
Altro","You Tube
Instagram",NA,"Zoom
Meet
Skype",NA,Car,Liceo Scientifico,2001,38,7,0,NA,None,NA,NA,NA,Brown,Brown,Female,NA,"ascoltare la musica
suonare strumenti musicali",12,Quokka,Right
12,Often useful,"e-mail
whatsapp
Telegram","WhatsApp
Skype
FaceTime","You Tube
Instagram
Facebook
Altro","Netflix
Amazon Prime video
AppleTV+","Zoom
Meet
Skype
Duo",3,Car,Liceo Classico,2000,40,3,1,Blue,"Cat
Dog",168,182,173,Black,Brown,Female,53,"ascoltare la musica
assistere ad eventi dal vivo (attività sportive, concerti)
guardare documentari, film, telefilm, serie tv, sport
shopping
studiare lingue orientali
tecnologia, pc, scienza
videogiochi",9,Dolphin,Right
13,Sometimes helpful,e-mail,"Skype
Messsanger","You Tube
Instagram
Facebook","Netflix
Amazon Prime video
TimVision","Zoom
Meet
Skype",3,Bus,Liceo Scientifico,2001,38,NA,1,Orange,"Cat
Dog",165,170,160,Blond,Brown,Female,58,"ascoltare la musica
camminare, escursionismo montano, passeggiare, andare a cavallo
comporre musica e coreografie
danza
palestra
varie (make up, mangiare dolci,  uncinetto, brainstorming, ...)",11,Dog,Right
14,Often useful,whatsapp,WhatsApp,Instagram,NA,"Zoom
Meet",8,Walk,Liceo Scientifico,1996,41,6,0,Green,None,155,170,174,Blond,Brown,Male,68,"ascoltare la musica
assistere ad eventi dal vivo (attività sportive, concerti)
camminare, escursionismo montano, passeggiare, andare a cavallo
giardinaggio, orto
palestra
sport
tecnologia, pc, scienza
videogiochi",9,Dog,Right
15,Often useful,"whatsapp
messaggi",FaceTime,"You Tube
Instagram","Netflix
Amazon Prime video","Zoom
Meet
FaceTime",8,Car,Liceo Linguistico,1999,37,1,1,Orange,"Cat
Dog",165,180,165,Blond,Brown,Female,48,NA,5,Dog,Right
16,Sometimes helpful,"e-mail
whatsapp","WhatsApp
Skype
Altro","You Tube
Instagram",Netflix,"Zoom
Meet
Skype",8,Car,Other,2001,36,10,1,Sky blue,"Cat
Fish
Reptile",155,170,160,Brown,Brown,Female,45,"ascoltare la musica
ballare
cantare
cinema
giardinaggio, orto
guardare documentari, film, telefilm, serie tv, sport
moda
palestra
recitazione (stand up comedy)
shopping
suonare strumenti musicali
tecnologia, pc, scienza",1,Dolphin,Right
17,Often useful,"e-mail
whatsapp","WhatsApp
Altro","You Tube
Instagram",Amazon Prime video,Meet,5,Car,Liceo Scientifico,2001,41,8,1,Yellow,None,170,180,174,Brown,Brown,Female,65,"ascoltare la musica
dipingere, disegnare
guardare documentari, film, telefilm, serie tv, sport
letture particolari: manga, news di natura finanziaria
sport
videogiochi",1,NA,Right
18,Difficult,"e-mail
whatsapp","WhatsApp
Altro",Instagram,Netflix,"Zoom
Meet",8,Train,Other,2001,40,8,1,Black,None,167,190,173,Blond,Green,Female,61,"arti orientali: yoga, wing chun
cinema
guardare documentari, film, telefilm, serie tv, sport
moda
videogiochi",3,Dolphin,Right
19,Difficult,"e-mail
whatsapp","WhatsApp
FaceTime","You Tube
Instagram
Altro","Netflix
Amazon Prime video
TimVision","Zoom
Meet",3,Car sharing,Liceo Scientifico,2001,39,2,1,Pink,Dog,160,180,165,Brown,Green,Female,57,"ascoltare la musica
cantare
guardare documentari, film, telefilm, serie tv, sport
sport
shopping
varie (make up, mangiare dolci,  uncinetto, brainstorming, ...)",4,Cat,Right
20,Often useful,"e-mail
whatsapp",FaceTime,"You Tube
Instagram
Facebook","Netflix
Amazon Prime video
TimVision
AppleTV+","Zoom
Meet
FaceTime",10,Car,Istituto tecnico settore economico,2001,41,3,1,Blue,Cat,153,172,172,Blond,Brown,Male,57,"ascoltare la musica
assistere ad eventi dal vivo (attività sportive, concerti)
cinema
sport
shopping
tecnologia, pc, scienza
videogiochi",11,Lion,Left
21,Often useful,"e-mail
whatsapp","WhatsApp
FaceTime","You Tube
Instagram","Netflix
Amazon Prime video
Chili
Infinity
TimVision
AppleTV+","Zoom
Meet
FaceTime",7,Train,Other,2001,46,3,0,Red,None,170,190,193,Brown,Brown,Male,79,"ascoltare la musica
assistere ad eventi dal vivo (attività sportive, concerti)
camminare, escursionismo montano, passeggiare, andare a cavallo
sport
suonare strumenti musicali
tecnologia, pc, scienza
volontariato (croce rossa, 118)",7,Dog,Right
22,Difficult,"e-mail
skype
whatsapp","WhatsApp
Skype
FaceTime
Altro","You Tube
Instagram","Netflix
Amazon Prime video","Zoom
Meet
Skype",5,Car,Liceo Scientifico,2001,40,8,3,Sky blue,NA,160,165,170,Brown,Brown,Female,70,"ascoltare la musica
cinema
cucinare
guardare documentari, film, telefilm, serie tv, sport
letture particolari: manga, news di natura finanziaria",4,Tiger,Right
23,Sometimes helpful,"e-mail
whatsapp","WhatsApp
Skype
Altro","You Tube
Twitter
Instagram
Facebook
Altro","Netflix
Amazon Prime video","Zoom
Meet",5,Train,Liceo Scientifico,2001,42.5,1,1,Other,"Cat
Dog",NA,175,180,Black,Brown,Male,80,"ascoltare la musica
assistere ad eventi dal vivo (attività sportive, concerti)
ballare
cantare
comporre musica e coreografie
moda
palestra
shopping
storia dell’arte
suonare strumenti musicali
videogiochi",1,Panther,Left
24,Difficult,"e-mail
whatsapp",Skype,"Twitter
Instagram
Facebook",Netflix,"Meet
Skype",7,Walk,Istituto tecnico settore tecnologico,2000,37.5,5,1,Green,"Cat
Dog",160,170,168,Brown,Brown,Female,58,"arti orientali: yoga, wing chun
ascoltare la musica
assistere ad eventi dal vivo (attività sportive, concerti)
ballare
camminare, escursionismo montano, passeggiare, andare a cavallo
cinema
cucinare
dipingere, disegnare
fotografia
guardare documentari, film, telefilm, serie tv, sport
sport
scrittura
shopping
storia dell’arte
tecnologia, pc, scienza
turismo",4,Alpaca,Right
25,Sometimes helpful,"e-mail
whatsapp","FaceTime
Altro","You Tube
Instagram",Netflix,"Zoom
Meet
FaceTime",1,Train,Istituto tecnico settore economico,2002,45,5,0,Black,Dog,NA,NA,180,Brown,Green,Male,75,"ascoltare la musica
assistere ad eventi dal vivo (attività sportive, concerti)
ballare
guardare documentari, film, telefilm, serie tv, sport
palestra
sport",2,Dog,Right
26,Sometimes helpful,"e-mail
whatsapp",FaceTime,"You Tube
Instagram","Netflix
Amazon Prime video","Zoom
FaceTime",7,Car,Liceo Classico,2001,38,5,1,Green,Dog,160,180,168,Brown,Brown,Female,60,"ascoltare la musica
ballare
guardare documentari, film, telefilm, serie tv, sport
moda
shopping
suonare strumenti musicali
varie (make up, mangiare dolci,  uncinetto, brainstorming, ...)",1,Alpaca,Right
27,Difficult,e-mail,Skype,Twitter,Netflix,Skype,8,Bus,Other,2001,38,2,2,Red,Cat,167,170,165,Brown,Brown,Female,50,"ascoltare la musica
assistere ad eventi dal vivo (attività sportive, concerti)
guardare documentari, film, telefilm, serie tv, sport
suonare strumenti musicali
videogiochi",7,Tiger,Left
28,Often useful,"e-mail
whatsapp","WhatsApp
Altro","You Tube
Instagram","Netflix
Amazon Prime video","Zoom
Meet",8,Car,Liceo Scientifico,2001,37,6,0,Sky blue,Dog,158,165,165,Brown,Green,Female,49,"ascoltare la musica
cinema
cucinare
moda",8,Dog,Left
29,Difficult,"whatsapp
messaggi
twitter","WhatsApp
Skype","You Tube
Twitter
Instagram",Netflix,Meet,2,Car,Istituto tecnico settore economico,1999,38,6,1,Pink,Dog,165,170,156,Brown,Brown,Female,52,"ascoltare la musica
assistere ad eventi dal vivo (attività sportive, concerti)
camminare, escursionismo montano, passeggiare, andare a cavallo
guardare documentari, film, telefilm, serie tv, sport
moda
palestra
sport
storia dell’arte
tecnologia, pc, scienza
varie (make up, mangiare dolci,  uncinetto, brainstorming, ...)",8,Dog,Right
30,Difficult,"e-mail
skype
whatsapp
Altro","WhatsApp
Skype
Altro","You Tube
Instagram",Amazon Prime video,"Zoom
Meet
Skype",3,Car,Other,2001,43,4,1,Red,None,155,167,175,Brown,Brown,Male,62,"arti orientali: yoga, wing chun
ascoltare la musica
assistere ad eventi dal vivo (attività sportive, concerti)
comporre musica e coreografie
fotografia
guardare documentari, film, telefilm, serie tv, sport
letture particolari: manga, news di natura finanziaria
palestra
sport
tecnologia, pc, scienza
videogiochi",9,Wolf,Right
31,Difficult,"e-mail
whatsapp","WhatsApp
Altro","You Tube
Instagram
Facebook",Amazon Prime video,"Zoom
Meet",7,Car,Other,1999,43,2,1,Sky blue,"Cat
Dog",165,180,185,Brown,Brown,Male,73,"ascoltare la musica
camminare, escursionismo montano, passeggiare, andare a cavallo
cinema
guardare documentari, film, telefilm, serie tv, sport
motori
sport
videogiochi",9,Lion,Right
32,Often useful,"e-mail
whatsapp",WhatsApp,"You Tube
Instagram",Amazon Prime video,"Zoom
Meet",0,Car,Liceo Scientifico,2001,46,4,1,White,Cat,175,190,193,Brown,Brown,Male,82,"ascoltare la musica
assistere ad eventi dal vivo (attività sportive, concerti)
camminare, escursionismo montano, passeggiare, andare a cavallo
cucinare
moda
palestra
sport",2,Fox,Right
33,Sometimes helpful,whatsapp,Skype,"You Tube
Instagram
Facebook",Netflix,Meet,9,Car,NA,2001,40.5,4,0,Red,Dog,155,170,170,Brown,Brown,Male,56,"ascoltare la musica
guardare documentari, film, telefilm, serie tv, sport
motori
palestra
sport
videogiochi",7,Puma,Right
34,Difficult,e-mail,WhatsApp,Instagram,Netflix,Skype,8,Car,Istituto tecnico settore tecnologico,1998,38,1,0,Black,Dog,153,170,165,Black,Brown,Female,52,"ascoltare la musica
assistere ad eventi dal vivo (attività sportive, concerti)
camminare, escursionismo montano, passeggiare, andare a cavallo
cinema
cucinare
fotografia
guardare documentari, film, telefilm, serie tv, sport
shopping
varie (make up, mangiare dolci,  uncinetto, brainstorming, ...)",7,Tiger,Left
35,Sometimes helpful,"e-mail
whatsapp
messaggi","WhatsApp
Messsanger","Instagram
Facebook","Netflix
Amazon Prime video","Zoom
Meet",NA,Walk,Liceo Classico,2001,36,NA,1,Green,Cat,170,175,165,Brown,Green,Female,52,"camminare, escursionismo montano, passeggiare, andare a cavallo
guardare documentari, film, telefilm, serie tv, sport
palestra
turismo
volontariato (croce rossa, 118)",2,Koala,Right
36,Useless,whatsapp,WhatsApp,"You Tube
Instagram","Netflix
Amazon Prime video","Zoom
Meet",2,Train,Liceo Scientifico,2002,38.5,2,2,Other,"Fish
Birds",NA,NA,160,Brown,Brown,Female,NA,"cinema
dipingere, disegnare
fotografia
scrittura",2,Dog,Right
37,Often useful,e-mail,FaceTime,Instagram,"Netflix
Amazon Prime video","Zoom
Meet",2,Car,Liceo Scientifico,2000,38,4,1,Pink,"Cat
Dog
Fish
Reptile",164,178,165,Blond,Green,Female,54,"ascoltare la musica
camminare, escursionismo montano, passeggiare, andare a cavallo
cucinare
palestra
sport",7,Cat,Right
38,Rarely useful,"e-mail
Altro","WhatsApp
FaceTime
Altro","You Tube
Instagram",Netflix,Meet,3,Car,Istituto tecnico settore tecnologico,1998,47,2,1,Black,"Cat
Dog
Fish
Other",164,178,181,Red,Brown,Male,97,"ascoltare la musica
assistere ad eventi dal vivo (attività sportive, concerti)
ballare
cinema
cucinare
dipingere, disegnare
guardare documentari, film, telefilm, serie tv, sport
letture particolari: manga, news di natura finanziaria
moda
motori
palestra
scrittura
shopping
varie (make up, mangiare dolci,  uncinetto, brainstorming, ...)
videogiochi
volontariato (croce rossa, 118)",5,Wolf,Right
39,Often useful,whatsapp,Altro,Instagram,Netflix,Meet,5,Train,Istituto tecnico settore tecnologico,2001,44,5,1,Yellow,None,170,177,180,Blond,Brown,Male,78,ascoltare la musica,11,Rabbit,Right
40,Sometimes helpful,"e-mail
whatsapp",Altro,Instagram,Netflix,Meet,8,Car,Liceo Linguistico,2001,38,7,0,Red,"Dog
Fish",170,175,170,Brown,Brown,Female,50,"ballare
camminare, escursionismo montano, passeggiare, andare a cavallo
cucinare
danza
moda
scrittura
turismo",4,Horse,Right
41,Sometimes helpful,e-mail,"WhatsApp
FaceTime",Instagram,Netflix,"Zoom
Meet",8,Train,Liceo Linguistico,2001,38,2,1,Pink,None,165,175,165,Brown,Green,Female,59,"ascoltare la musica
assistere ad eventi dal vivo (attività sportive, concerti)
guardare documentari, film, telefilm, serie tv, sport",1,Dolphin,Right
42,Sometimes helpful,"e-mail
whatsapp","FaceTime
Altro","You Tube
Instagram",Netflix,"Zoom
Meet",7,Walk,Liceo Classico,2001,36,5,3,Green,Cat,158,175,160,Blond,Blue,Female,42,"ascoltare la musica
assistere ad eventi dal vivo (attività sportive, concerti)
ballare
camminare, escursionismo montano, passeggiare, andare a cavallo
comporre musica e coreografie
danza
scrittura
suonare strumenti musicali",9,NA,Right
43,Rarely useful,whatsapp,FaceTime,Instagram,"Netflix
Amazon Prime video
AppleTV+","Zoom
Meet
FaceTime",3,Car sharing,Liceo Scientifico,2000,42,3,3,Green,Dog,178,186,186,Blond,Blue,Male,69,"ascoltare la musica
camminare, escursionismo montano, passeggiare, andare a cavallo
cinema
cucinare
fotografia
guardare documentari, film, telefilm, serie tv, sport
sport
varie (make up, mangiare dolci,  uncinetto, brainstorming, ...)",8,Penguin,Right
44,Often useful,e-mail,"WhatsApp
Altro","You Tube
Twitter
Instagram
Linkedin",Netflix,"Zoom
Meet",7,Car,Other,2000,39,4,1,Green,Cat,174,183,169,Brown,Brown,Female,58,"ascoltare la musica
guardare documentari, film, telefilm, serie tv, sport
shopping
storia dell’arte
studiare lingue orientali
tecnologia, pc, scienza",3,Cat,Right
45,Sometimes helpful,"e-mail
whatsapp","Skype
Google Duo","Twitter
Instagram",Netflix,"Zoom
Meet",9,Other,Liceo Classico,2000,39,1,0,Red,Cat,175,169,172,Red,Green,Female,55,"ascoltare la musica
assistere ad eventi dal vivo (attività sportive, concerti)
cucinare
letture particolari: manga, news di natura finanziaria
moda
palestra
sport
recitazione (stand up comedy)
shopping
storia dell’arte
varie (make up, mangiare dolci,  uncinetto, brainstorming, ...)
volontariato (croce rossa, 118)",6,Tiger,Right
46,Often useful,"e-mail
whatsapp",WhatsApp,"You Tube
Instagram","Netflix
Amazon Prime video","Zoom
Meet",6,Car,Istituto tecnico settore tecnologico,2001,40,10,1,Red,Cat,170,180,168,Black,Brown,Female,57,"ascoltare la musica
cinema
guardare documentari, film, telefilm, serie tv, sport
moda
palestra
suonare strumenti musicali
turismo",4,Panther,Right
47,Sometimes helpful,e-mail,FaceTime,Instagram,Netflix,FaceTime,3,Car sharing,Liceo Scientifico,2001,38,1,1,Blue,None,159,178,163,Brown,Green,Female,50,"ascoltare la musica
guardare documentari, film, telefilm, serie tv, sport
palestra
suonare strumenti musicali",3,Dolphin,Right
48,Difficult,"e-mail
whatsapp","WhatsApp
FaceTime","You Tube
Instagram
Facebook",Netflix,"Meet
FaceTime",10,Train,Istituto Professionale,1997,39,5,2,Black,None,165,175,169,Brown,Brown,Female,55,"ascoltare la musica
shopping
tecnologia, pc, scienza",8,Horse,Right
49,Often useful,"e-mail
whatsapp
messaggi","WhatsApp
FaceTime","You Tube
Instagram","Netflix
Amazon Prime video","Zoom
FaceTime",3,Car,Istituto tecnico settore tecnologico,1999,40,3,1,Yellow,Cat,170,180,165,Blond,Green,Female,57,"ascoltare la musica
motori
videogiochi",3,Koala,Right
50,Often useful,"e-mail
whatsapp
messaggi","WhatsApp
FaceTime",You Tube,"Netflix
Amazon Prime video",Meet,5,Car,Istituto Professionale,2000,41,1,2,Other,"Cat
Dog
Fish
Rodents
Other",165,192,175,Brown,Brown,Female,54,"ascoltare la musica
camminare, escursionismo montano, passeggiare, andare a cavallo
cantare
comporre musica e coreografie
dipingere, disegnare
fotografia
giardinaggio, orto
guardare documentari, film, telefilm, serie tv, sport
moda
motori
palestra
sport
shopping
suonare strumenti musicali
tecnologia, pc, scienza",NA,Dog,Right
51,Difficult,whatsapp,WhatsApp,Instagram,Netflix,Meet,2,Walk,Other,1999,38,3,1,Blue,None,158,160,156,Brown,Brown,Female,58,"ascoltare la musica
camminare, escursionismo montano, passeggiare, andare a cavallo
cinema
cucinare
dipingere, disegnare
fotografia
guardare documentari, film, telefilm, serie tv, sport
moda
shopping
tecnologia, pc, scienza
turismo",5,Cat,Right
52,Sometimes helpful,"e-mail
whatsapp
Telegram",FaceTime,"You Tube
Instagram
Facebook","Netflix
Amazon Prime video
TimVision","Meet
FaceTime",2,Walk,Liceo Scientifico,2001,39,3,1,Red,"Cat
Dog",170,180,167,Brown,Brown,Female,57,"arti orientali: yoga, wing chun
ascoltare la musica
assistere ad eventi dal vivo (attività sportive, concerti)
ballare
camminare, escursionismo montano, passeggiare, andare a cavallo
cucinare
dipingere, disegnare
fotografia
moda
palestra
sport
shopping
tecnologia, pc, scienza
varie (make up, mangiare dolci,  uncinetto, brainstorming, ...)
videogiochi",10,Koala,Left
53,Difficult,"e-mail
whatsapp
messaggi
Telegram",WhatsApp,"You Tube
Twitter",Netflix,"Zoom
Meet",7,Walk,Liceo Classico,2000,38,15,0,Orange,Rabbit,160,185,175,Other,Green,Female,58,"arti orientali: yoga, wing chun
ascoltare la musica
dipingere, disegnare
scrittura
storia dell’arte",12,Owl,Right
54,Often useful,"e-mail
whatsapp
messaggi","WhatsApp
FaceTime","You Tube
Twitter
Instagram
Facebook","Netflix
Amazon Prime video","Zoom
Meet
Skype",2,Car,Liceo Linguistico,2002,38,6,2,Pink,None,170,180,165,Brown,Brown,Female,58,"ascoltare la musica
cucinare
guardare documentari, film, telefilm, serie tv, sport
shopping",2,Dog,Right
55,Sometimes helpful,"e-mail
whatsapp
messaggi
twitter
snapchat","WhatsApp
Altro","You Tube
Twitter
Instagram
Facebook
Altro","Netflix
Amazon Prime video","Zoom
Meet",7,Bicycle,Liceo Scientifico,2001,37,6,2,Sky blue,"Cat
Dog
Fish",160,168,162,Brown,Blue,Female,58,"ascoltare la musica
assistere ad eventi dal vivo (attività sportive, concerti)
camminare, escursionismo montano, passeggiare, andare a cavallo
cinema
cucinare
guardare documentari, film, telefilm, serie tv, sport",12,Horse,Right
56,Rarely useful,"e-mail
whatsapp","WhatsApp
Skype",Instagram,Amazon Prime video,Meet,4,Walk,Liceo Scientifico,2002,44,2,1,Other,"Cat
Dog
Reptile",175,190,180,Brown,Brown,Male,69,"ascoltare la musica
assistere ad eventi dal vivo (attività sportive, concerti)
dipingere, disegnare
guardare documentari, film, telefilm, serie tv, sport
suonare strumenti musicali
tecnologia, pc, scienza",1,Jaguar,Right
57,Difficult,whatsapp,"Skype
FaceTime","You Tube
Instagram","Netflix
Amazon Prime video
TimVision","Meet
Skype
FaceTime",8,Car,Liceo Scientifico,1999,40,4,1,Red,None,164,180,173,Brown,Brown,Female,60,"ascoltare la musica
camminare, escursionismo montano, passeggiare, andare a cavallo
dipingere, disegnare
guardare documentari, film, telefilm, serie tv, sport
sport
varie (make up, mangiare dolci,  uncinetto, brainstorming, ...)
turismo",3,Wolf,Right
58,Difficult,twitter,Messsanger,Instagram,Netflix,Meet,3,Bus,Liceo Scientifico,2001,32,5,4,Sky blue,Other,168,173,161,Brown,Green,Female,61,ascoltare la musica,8,Cat,Right
59,Often useful,"e-mail
whatsapp
Altro","WhatsApp
Altro","You Tube
Twitter
Instagram
Facebook
Altro","Netflix
Amazon Prime video","Zoom
Meet",7,Walk,Other,2000,43,6,2,Green,None,176,172,185,Brown,Green,Male,92,"ascoltare la musica
camminare, escursionismo montano, passeggiare, andare a cavallo
cinema
cucinare
dipingere, disegnare
fotografia
giardinaggio, orto
guardare documentari, film, telefilm, serie tv, sport
tecnologia, pc, scienza
varie (make up, mangiare dolci,  uncinetto, brainstorming, ...)
turismo",5,Whale,Left
60,Rarely useful,"e-mail
whatsapp","WhatsApp
FaceTime",Instagram,"Netflix
Amazon Prime video
TimVision","Zoom
Meet",5,Train,Liceo Scientifico,2001,38,1,0,NA,"Cat
Dog",173,180,176,Blond,Brown,Female,65,"ascoltare la musica
camminare, escursionismo montano, passeggiare, andare a cavallo
guardare documentari, film, telefilm, serie tv, sport
moda
palestra
sport
shopping
storia dell’arte
varie (make up, mangiare dolci,  uncinetto, brainstorming, ...)",11,Cat,Right
61,Sometimes helpful,"e-mail
whatsapp","WhatsApp
Messsanger","You Tube
Instagram
Facebook",Netflix,"Zoom
Meet",4,Train,Liceo Linguistico,2001,37,4,1,NA,Birds,157,172,157,Brown,Brown,Female,43,"arti orientali: yoga, wing chun
ascoltare la musica
assistere ad eventi dal vivo (attività sportive, concerti)
ballare
camminare, escursionismo montano, passeggiare, andare a cavallo
cinema
guardare documentari, film, telefilm, serie tv, sport
suonare strumenti musicali",8,Penguin,Left
62,Rarely useful,"e-mail
whatsapp
Telegram","WhatsApp
FaceTime","You Tube
Instagram","Netflix
Amazon Prime video",Meet,8,Car,Liceo Scientifico,2001,41,4,0,Black,None,169,163,170,Brown,Other,Male,63,"ascoltare la musica
guardare documentari, film, telefilm, serie tv, sport
motori
palestra
shopping
tecnologia, pc, scienza
varie (make up, mangiare dolci,  uncinetto, brainstorming, ...)
videogiochi",5,Monkey,Right
63,Often useful,"e-mail
whatsapp",WhatsApp,"You Tube
Instagram
Facebook","Netflix
TimVision","Zoom
Meet",7,Other,Liceo Scientifico,1999,43,2,1,Orange,"Cat
Dog
Fish",163,175,180,Brown,Blue,Male,80,"ascoltare la musica
camminare, escursionismo montano, passeggiare, andare a cavallo
guardare documentari, film, telefilm, serie tv, sport
motori
palestra
sport
tecnologia, pc, scienza
videogiochi",2,Fox,Right
64,Sometimes helpful,"e-mail
whatsapp
Telegram","WhatsApp
Skype
Google Duo","You Tube
Instagram
Altro",Netflix,"Zoom
Meet",7,Train,Other,2000,36,3,0,Violet,Cat,162,170,154,Other,Green,Female,50,"ascoltare la musica
assistere ad eventi dal vivo (attività sportive, concerti)
camminare, escursionismo montano, passeggiare, andare a cavallo
cinema
cucinare
guardare documentari, film, telefilm, serie tv, sport
letture particolari: manga, news di natura finanziaria
tecnologia, pc, scienza
videogiochi",12,Elephans,Right
65,Often useful,"e-mail
whatsapp","WhatsApp
FaceTime","Instagram
Altro",Netflix,Meet,7,Walk,Liceo Scientifico,2000,38,3,2,Black,None,168,173,170,Red,Blue,Female,62,"camminare, escursionismo montano, passeggiare, andare a cavallo
fotografia
guardare documentari, film, telefilm, serie tv, sport
moda
shopping
tecnologia, pc, scienza",6,Dog,Right
66,Sometimes helpful,"e-mail
whatsapp","WhatsApp
Skype
FaceTime","Twitter
Instagram
Facebook","Netflix
Amazon Prime video
TimVision","Zoom
Meet",7,Car,Liceo Scientifico,2000,41,9,0,Pink,Cat,163,180,184,Brown,Green,Female,72,"ascoltare la musica
assistere ad eventi dal vivo (attività sportive, concerti)
ballare
cantare
cinema
cucinare
guardare documentari, film, telefilm, serie tv, sport
palestra
shopping",4,Kangaroo,Right
67,Often useful,"e-mail
whatsapp","WhatsApp
Skype
Google Duo","You Tube
Instagram","Netflix
Amazon Prime video",Meet,4,Train,Liceo Scientifico,2001,36,7,1,Green,"Cat
Dog",157,180,158,Brown,Green,Female,54,"ascoltare la musica
camminare, escursionismo montano, passeggiare, andare a cavallo
cucinare
palestra
sport
turismo",9,Dog,Right
68,Often useful,e-mail,Altro,Instagram,Netflix,Meet,9,Car,Liceo Classico,2001,42,4,1,Blue,NA,162,175,173,Brown,Green,Male,70,"ascoltare la musica
assistere ad eventi dal vivo (attività sportive, concerti)
ballare
camminare, escursionismo montano, passeggiare, andare a cavallo
cinema
dipingere, disegnare
fotografia
guardare documentari, film, telefilm, serie tv, sport
shopping
storia dell’arte
tecnologia, pc, scienza
videogiochi
volontariato (croce rossa, 118)",1,Cat,Right
69,Rarely useful,e-mail,FaceTime,"You Tube
Instagram",Netflix,Meet,NA,NA,NA,NA,NA,4,1,Black,"Cat
Dog
Birds",165,165,165,Brown,Brown,Female,53,"ascoltare la musica
cucinare
guardare documentari, film, telefilm, serie tv, sport
turismo",12,Horse,Left
70,Sometimes helpful,whatsapp,"WhatsApp
Skype
FaceTime","You Tube
Instagram",Amazon Prime video,Meet,8,Train,Liceo Scientifico,2001,46,3,1,Black,None,165,175,182,Brown,Brown,Male,76,"ascoltare la musica
assistere ad eventi dal vivo (attività sportive, concerti)
guardare documentari, film, telefilm, serie tv, sport
palestra
sport
videogiochi",2,Penguin,Right
71,Useless,"whatsapp
Telegram","WhatsApp
FaceTime","You Tube
Instagram","Netflix
Amazon Prime video",Meet,5,Train,Istituto tecnico settore economico,2001,38.5,11,1,Pink,None,158,180,162,Brown,Brown,Female,57,"ascoltare la musica
volontariato (croce rossa, 118)",12,Dog,Right
72,Difficult,"e-mail
whatsapp
messaggi","WhatsApp
FaceTime
Google Duo
Altro","You Tube
Instagram","Netflix
Amazon Prime video","Zoom
Meet",7,Car,Liceo Scientifico,1999,36,6,0,Blue,Cat,170,180,163,Blond,Brown,Female,55,"ascoltare la musica
assistere ad eventi dal vivo (attività sportive, concerti)
camminare, escursionismo montano, passeggiare, andare a cavallo
cantare
dipingere, disegnare
guardare documentari, film, telefilm, serie tv, sport
scrittura",5,Cat,Right
73,Sometimes helpful,"e-mail
whatsapp
messaggi","WhatsApp
Skype
FaceTime","You Tube
Twitter
Instagram
Facebook","Netflix
Amazon Prime video","Zoom
Meet
Skype",8,Car,Liceo Scientifico,2001,40,10,1,Blue,Dog,155,180,167,Brown,Brown,Female,74,"ascoltare la musica
assistere ad eventi dal vivo (attività sportive, concerti)
ballare
cantare
cinema
cucinare
danza
fotografia
guardare documentari, film, telefilm, serie tv, sport
moda
palestra
sport
recitazione (stand up comedy)
shopping
varie (make up, mangiare dolci,  uncinetto, brainstorming, ...)
turismo",6,Horse,Right
74,Useless,whatsapp,"WhatsApp
FaceTime","You Tube
Instagram
Facebook",Netflix,Meet,2,Train,Liceo Classico,2001,38,3,2,Violet,None,172,170,172,Brown,Green,Female,55,"danza
storia dell’arte
varie (make up, mangiare dolci,  uncinetto, brainstorming, ...)",5,Dolphin,Right
75,Sometimes helpful,"e-mail
whatsapp
Altro","WhatsApp
Google Duo",You Tube,Netflix,"Zoom
Meet",5,Train,Other,2000,36,13,2,Red,None,160,170,156,Black,Brown,Female,46,"ascoltare la musica
ballare
cantare
dipingere, disegnare
moda
palestra
sport
studiare lingue orientali",5,Wolf,Right
76,Often useful,"e-mail
whatsapp","WhatsApp
Skype
FaceTime","You Tube
Instagram
Facebook
Altro",Netflix,"Zoom
Meet
Skype",9,Walk,Istituto tecnico settore tecnologico,2001,39,5,1,Black,Dog,160,180,163,Brown,Brown,Female,63,"ascoltare la musica
assistere ad eventi dal vivo (attività sportive, concerti)
camminare, escursionismo montano, passeggiare, andare a cavallo
cinema
cucinare
guardare documentari, film, telefilm, serie tv, sport
palestra
shopping
tecnologia, pc, scienza
varie (make up, mangiare dolci,  uncinetto, brainstorming, ...)",9,Penguin,Right
77,Sometimes helpful,"e-mail
messaggi","WhatsApp
FaceTime","You Tube
Twitter
Instagram","Netflix
AppleTV+","Zoom
Meet",8,Car,Liceo Linguistico,2002,38,5,1,Blue,"Cat
Dog
Fish",167,178,162,Blond,Blue,Female,56,"ascoltare la musica
assistere ad eventi dal vivo (attività sportive, concerti)
guardare documentari, film, telefilm, serie tv, sport
sport",8,lince,Right
78,Sometimes helpful,"e-mail
whatsapp",WhatsApp,"You Tube
Instagram
Facebook","Netflix
Amazon Prime video","Zoom
Meet",10,Car,Istituto tecnico settore tecnologico,2001,47,2,1,Other,Fish,170,189,187,Brown,Brown,Male,77,"ascoltare la musica
assistere ad eventi dal vivo (attività sportive, concerti)
camminare, escursionismo montano, passeggiare, andare a cavallo
cinema
cucinare
guardare documentari, film, telefilm, serie tv, sport
letture particolari: manga, news di natura finanziaria
videogiochi",12,Koala,Right
79,Often useful,"e-mail
whatsapp
messaggi","WhatsApp
Altro","You Tube
Instagram
Facebook","Netflix
Amazon Prime video
TimVision","Zoom
Meet",8,Train,Liceo Linguistico,2001,45,4,0,Red,Dog,165,194,184,Black,Green,Male,75,"ascoltare la musica
assistere ad eventi dal vivo (attività sportive, concerti)
fotografia
guardare documentari, film, telefilm, serie tv, sport
sport
shopping
storia dell’arte
varie (make up, mangiare dolci,  uncinetto, brainstorming, ...)
videogiochi",1,Wolf,Right
80,Rarely useful,whatsapp,"WhatsApp
Skype
Altro","You Tube
Instagram
Altro",Amazon Prime video,"Zoom
Meet",9,Car,Liceo Scientifico,2001,43,4,1,Black,None,160,170,170,Brown,Brown,Male,56,"ascoltare la musica
sport
videogiochi",4,Tiger,Right
81,Often useful,"e-mail
whatsapp",WhatsApp,"You Tube
Instagram","Netflix
Amazon Prime video",Meet,5,Car,Liceo Linguistico,2000,44,1,1,Blue,Dog,156,177,174,Brown,Brown,Male,82,"ascoltare la musica
scrittura
tecnologia, pc, scienza",5,Dog,Right
82,Sometimes helpful,"e-mail
whatsapp","WhatsApp
Altro","You Tube
Instagram
Facebook","Netflix
Amazon Prime video","Zoom
Meet",6,Car,Istituto Professionale,2000,46,4,1,Blue,"Dog
Fish
Reptile",167,173,183,Brown,Green,Male,100,"ascoltare la musica
camminare, escursionismo montano, passeggiare, andare a cavallo
motori",4,Dog,Right
83,Often useful,"e-mail
whatsapp","WhatsApp
Messsanger","You Tube
Instagram
Facebook",Netflix,Meet,10,Car sharing,Istituto Professionale,2001,38,5,1,Sky blue,None,NA,NA,160,Brown,Brown,Female,47,"ascoltare la musica
palestra
shopping
varie (make up, mangiare dolci,  uncinetto, brainstorming, ...)",7,Dog,Right
84,Useless,skype,"WhatsApp
Skype","You Tube
Instagram",Netflix,"Zoom
Meet
Skype
FaceTime",10,Car sharing,Liceo Scientifico,2001,39,3,3,Black,"Dog
Fish
Reptile",165,182,168,Brown,Green,Female,67,"ascoltare la musica
camminare, escursionismo montano, passeggiare, andare a cavallo
cucinare
dipingere, disegnare
guardare documentari, film, telefilm, serie tv, sport
moda
shopping
videogiochi",10,Wolf,Right
85,Difficult,"e-mail
whatsapp
hangouts","WhatsApp
Altro","You Tube
Instagram
Facebook","Netflix
Amazon Prime video","Zoom
Meet
Skype",8,Car,Istituto Professionale,2001,43,2,2,Red,"Dog
Fish
Reptile
Birds",165,185,190,Brown,Green,Male,70,"ascoltare la musica
camminare, escursionismo montano, passeggiare, andare a cavallo
cinema
cucinare
guardare documentari, film, telefilm, serie tv, sport
sport
turismo",5,Hippopotamus,Right
86,Difficult,"e-mail
whatsapp
messaggi
Telegram","WhatsApp
Skype
FaceTime","Twitter
Instagram
Facebook","Netflix
Amazon Prime video
Infinity","Meet
Skype
FaceTime",6,Car,Istituto tecnico settore tecnologico,1999,40,1,0,Black,Reptile,168,180,168,Black,Brown,Female,80,"ascoltare la musica
assistere ad eventi dal vivo (attività sportive, concerti)
cucinare
fotografia
turismo
volontariato (croce rossa, 118)",4,Lion,Right
87,Often useful,"e-mail
whatsapp
Telegram","WhatsApp
FaceTime",Instagram,"Netflix
Amazon Prime video
Infinity",Meet,9,Walk,Istituto tecnico settore economico,2001,38,3,0,Blue,Dog,160,180,163,Brown,Other,Female,50,"ascoltare la musica
assistere ad eventi dal vivo (attività sportive, concerti)
ballare
camminare, escursionismo montano, passeggiare, andare a cavallo
cinema
cucinare
danza
dipingere, disegnare
fotografia
guardare documentari, film, telefilm, serie tv, sport
moda
palestra
sport
shopping
suonare strumenti musicali
varie (make up, mangiare dolci,  uncinetto, brainstorming, ...)
turismo
videogiochi",2,Horse,Right
88,Often useful,e-mail,"Skype
FaceTime",Instagram,Netflix,"Zoom
Meet
Skype
FaceTime",7,Car,Liceo Scientifico,2001,40,1,2,Green,"Cat
Dog",176,187,175,Brown,Brown,Female,65,"camminare, escursionismo montano, passeggiare, andare a cavallo
cucinare
moda
palestra
sport
shopping",9,Koala,Right
89,Sometimes helpful,e-mail,"WhatsApp
FaceTime","You Tube
Instagram","Netflix
Amazon Prime video",Meet,6,Car,Liceo Linguistico,2001,40,6,0,Violet,Dog,165,170,170,Blond,Green,Female,70,"palestra
videogiochi
volontariato (croce rossa, 118)",9,Wolf,Right
90,Often useful,"e-mail
whatsapp","WhatsApp
FaceTime
Altro","You Tube
Instagram
Facebook
Altro","Netflix
Amazon Prime video","Zoom
Meet
Skype",2,Walk,Liceo Scientifico,2000,41,1,3,Yellow,None,160,180,171,Black,Brown,Female,68,"ascoltare la musica
assistere ad eventi dal vivo (attività sportive, concerti)
camminare, escursionismo montano, passeggiare, andare a cavallo
cantare
cucinare
fotografia
moda
sport
scrittura
shopping
suonare strumenti musicali
varie (make up, mangiare dolci,  uncinetto, brainstorming, ...)
turismo",10,Panther,Right
91,Difficult,"e-mail
whatsapp
messaggi
messanger",WhatsApp,"You Tube
Instagram
Facebook","Netflix
Amazon Prime video","Zoom
Meet",5,Car,Liceo Scientifico,2001,40,NA,2,Blue,"Cat
Dog",155,188,167,Brown,Brown,Female,60,"ascoltare la musica
camminare, escursionismo montano, passeggiare, andare a cavallo
cucinare
guardare documentari, film, telefilm, serie tv, sport",9,Dog,Right
92,Rarely useful,"e-mail
whatsapp","WhatsApp
FaceTime","You Tube
Instagram",Netflix,"Zoom
Meet",1,Train,Liceo Scientifico,2001,43,8,2,Black,"Cat
Dog",170,180,185,Black,Brown,Male,71,"ascoltare la musica
guardare documentari, film, telefilm, serie tv, sport
palestra
sport
suonare strumenti musicali
videogiochi",7,NA,Right
93,Difficult,"e-mail
whatsapp",FaceTime,"Instagram
Facebook","Netflix
Amazon Prime video","Zoom
Meet",5,Train,Istituto tecnico settore economico,1998,38,14,1,Green,None,163,183,174,Red,Green,Female,54,"ascoltare la musica
assistere ad eventi dal vivo (attività sportive, concerti)
ballare
camminare, escursionismo montano, passeggiare, andare a cavallo
cantare
guardare documentari, film, telefilm, serie tv, sport
sport
shopping",7,Dog,Right
94,Sometimes helpful,"e-mail
whatsapp","WhatsApp
FaceTime",Instagram,Netflix,"Zoom
Meet
FaceTime",7,Other,Liceo Classico,2001,44,2,0,Green,None,160,174,182,Brown,Brown,Male,72,"ascoltare la musica
cantare
cucinare
palestra
sport",9,Tiger,Right
95,Often useful,"e-mail
whatsapp
messaggi","WhatsApp
Skype
FaceTime","You Tube
Instagram
Facebook","Netflix
Amazon Prime video","Zoom
Meet",7,Walk,Liceo Classico,2001,36,2,2,Pink,Dog,158,175,158,Brown,Blue,Female,52,"arti orientali: yoga, wing chun
ascoltare la musica
ballare
cucinare
danza
guardare documentari, film, telefilm, serie tv, sport
moda
varie (make up, mangiare dolci,  uncinetto, brainstorming, ...)",12,Lion,Right
96,Sometimes helpful,"e-mail
whatsapp
Telegram","Skype
Altro","You Tube
Instagram","Netflix
Amazon Prime video
Infinity","Zoom
Meet
Skype
Duo",8,Bicycle,Liceo Scientifico,2001,41,3,1,Orange,None,NA,180,175,Brown,Brown,Male,75,"ascoltare la musica
camminare, escursionismo montano, passeggiare, andare a cavallo
cinema
fotografia
giardinaggio, orto
guardare documentari, film, telefilm, serie tv, sport
motori
palestra
sport
tecnologia, pc, scienza
varie (make up, mangiare dolci,  uncinetto, brainstorming, ...)
turismo
videogiochi",11,Koala,Right
97,Difficult,e-mail,"WhatsApp
Skype
FaceTime
Altro","You Tube
Instagram","Netflix
Amazon Prime video","Zoom
Meet
Skype",8,Car,Liceo Scientifico,2001,42,2,1,Blue,"Cat
Dog",165,189,170,Red,Brown,Female,58,"ascoltare la musica
assistere ad eventi dal vivo (attività sportive, concerti)
dipingere, disegnare
guardare documentari, film, telefilm, serie tv, sport
sport
storia dell’arte
suonare strumenti musicali
volontariato (croce rossa, 118)",10,Dog,Right
98,Often useful,"e-mail
whatsapp",WhatsApp,You Tube,Netflix,Meet,4,Car,Istituto tecnico settore tecnologico,2000,43,3,0,Sky blue,Dog,167,170,185,Blond,Blue,Male,76,"letture particolari: manga, news di natura finanziaria
sport
tecnologia, pc, scienza",5,Bear,Right
99,Sometimes helpful,"whatsapp
Altro","WhatsApp
Altro","You Tube
Instagram
Altro",Amazon Prime video,Meet,6,Car,Istituto tecnico settore tecnologico,2001,39,5,0,Blue,"Cat
Dog
Birds",160,180,161,Brown,Brown,Female,68,"ascoltare la musica
guardare documentari, film, telefilm, serie tv, sport
sport
varie (make up, mangiare dolci,  uncinetto, brainstorming, ...)",7,Dog,Right
100,Often useful,"e-mail
whatsapp","WhatsApp
Messsanger","You Tube
Instagram
Facebook",Netflix,Meet,7,Car,Liceo Scientifico,1996,42,4,0,Black,None,158,160,171,Black,Brown,Male,91,"ascoltare la musica
camminare, escursionismo montano, passeggiare, andare a cavallo
cinema
cucinare
guardare documentari, film, telefilm, serie tv, sport
sport
turismo
videogiochi",8,Dog,Right
101,Sometimes helpful,"e-mail
whatsapp",WhatsApp,You Tube,Amazon Prime video,Meet,NA,NA,Istituto tecnico settore economico,NA,NA,NA,NA,NA,NA,NA,NA,NA,NA,NA,NA,NA,NA,NA,NA,Right
102,Rarely useful,"e-mail
whatsapp
Altro","WhatsApp
Altro","You Tube
Instagram",NA,"Zoom
Meet",3,Car,Istituto tecnico settore tecnologico,2000,46,8,3,Blue,Cat,165,173,187,Black,Brown,Male,79,"ascoltare la musica
assistere ad eventi dal vivo (attività sportive, concerti)
motori
palestra
sport
videogiochi",10,Lion,Ambidextrous
103,Often useful,"e-mail
whatsapp","WhatsApp
FaceTime","You Tube
Instagram
Facebook
Linkedin",Netflix,Zoom,3,Walk,Liceo Scientifico,2001,41,3,1,Red,"Dog
Fish
Birds
Other",170,180,170,Brown,Brown,Male,59,"ascoltare la musica
fotografia
guardare documentari, film, telefilm, serie tv, sport
motori
sport
tecnologia, pc, scienza",12,Puma,Right
104,Sometimes helpful,"e-mail
whatsapp","WhatsApp
FaceTime
Google Duo","You Tube
Twitter
Instagram","Netflix
Amazon Prime video",Zoom,10,Car,Liceo Linguistico,2001,40,7,1,Red,None,167,183,174,Brown,Brown,Female,58,"arti orientali: yoga, wing chun
ascoltare la musica
assistere ad eventi dal vivo (attività sportive, concerti)
ballare
cantare
cinema
dipingere, disegnare
guardare documentari, film, telefilm, serie tv, sport
moda
palestra
sport
recitazione (stand up comedy)
shopping
storia dell’arte",8,Lion,Right
105,Often useful,"e-mail
skype
whatsapp
messaggi","WhatsApp
Skype","You Tube
Instagram
Facebook","Netflix
TimVision","Zoom
Meet
Skype",10,Car,Liceo Scientifico,2001,43,3,1,Sky blue,Cat,163,175,173,Brown,Brown,Male,68,"ascoltare la musica
assistere ad eventi dal vivo (attività sportive, concerti)
cantare
cinema
guardare documentari, film, telefilm, serie tv, sport
sport
tecnologia, pc, scienza
videogiochi",9,Eagle,Right
106,Rarely useful,"e-mail
whatsapp
messaggi
Telegram","WhatsApp
Skype
FaceTime
Google Duo
Altro","You Tube
Instagram",Amazon Prime video,"Zoom
Meet
Skype
Duo
FaceTime",7,Car,Liceo Scientifico,2001,40,6,1,Black,"Dog
Birds
Other",155,170,165,Other,Brown,Female,NA,"giardinaggio, orto
motori",1,NA,Right
107,Sometimes helpful,"e-mail
whatsapp",Altro,"Twitter
Instagram
Altro",NA,"Zoom
Meet",4,Car,Other,2001,36,2,1,Sky blue,Cat,162,165,153,Black,Brown,Female,48,"ascoltare la musica
camminare, escursionismo montano, passeggiare, andare a cavallo
fotografia
moda
shopping
varie (make up, mangiare dolci,  uncinetto, brainstorming, ...)
turismo",11,Cat,Right
108,Rarely useful,e-mail,"WhatsApp
Altro","You Tube
Twitter
Instagram
Facebook","Netflix
Amazon Prime video","Zoom
Meet",2,Walk,Liceo Classico,2001,40,3,2,White,Dog,163,180,170,Blond,Brown,Female,57,"ascoltare la musica
assistere ad eventi dal vivo (attività sportive, concerti)
camminare, escursionismo montano, passeggiare, andare a cavallo
cinema
cucinare
guardare documentari, film, telefilm, serie tv, sport
sport
storia dell’arte
turismo",8,Lion,Right
109,Useless,whatsapp,WhatsApp,"You Tube
Twitter
Instagram","Netflix
Amazon Prime video","Zoom
Meet
Skype",8,Car,Liceo Classico,2001,47,2,1,Sky blue,None,170,189,192,Brown,Green,Male,118,"ascoltare la musica
camminare, escursionismo montano, passeggiare, andare a cavallo
guardare documentari, film, telefilm, serie tv, sport
letture particolari: manga, news di natura finanziaria
motori
studiare lingue orientali
suonare strumenti musicali
tecnologia, pc, scienza
videogiochi",3,Cat,Left
110,Difficult,"e-mail
whatsapp","WhatsApp
FaceTime","You Tube
Instagram
Facebook
Altro","Netflix
Amazon Prime video",Meet,10,Car,Liceo Classico,2001,43,3,2,White,"Cat
Dog",175,175,179,Brown,Brown,Male,76,"ascoltare la musica
cinema
guardare documentari, film, telefilm, serie tv, sport
sport
suonare strumenti musicali
videogiochi",6,Wolf,Right
111,Often useful,e-mail,"WhatsApp
Skype
Google Duo","You Tube
Instagram
Facebook","Netflix
Amazon Prime video","Zoom
Meet
Skype",5,Train,Liceo Scientifico,2001,40,2,1,Orange,"Dog
Fish",168,180,170,Brown,Brown,Female,65,"ascoltare la musica
camminare, escursionismo montano, passeggiare, andare a cavallo
cantare
cucinare
guardare documentari, film, telefilm, serie tv, sport
suonare strumenti musicali",8,Cat,Right
112,Often useful,e-mail,"WhatsApp
Altro","You Tube
Instagram",Amazon Prime video,"Zoom
Meet",8,Bus,Liceo Classico,2002,42,3,3,Sky blue,"Cat
Dog",170,180,180,Brown,Brown,Female,74,"ascoltare la musica
assistere ad eventi dal vivo (attività sportive, concerti)
cucinare
dipingere, disegnare
fotografia
guardare documentari, film, telefilm, serie tv, sport
sport",2,Panda,Right
113,Often useful,"e-mail
whatsapp","WhatsApp
Skype
Google Duo","You Tube
Twitter
Instagram","Netflix
Amazon Prime video
AppleTV+",Meet,7,Walk,Other,2000,36,3,0,Green,"Cat
Dog",175,182,162,Brown,Brown,Female,54,"ascoltare la musica
camminare, escursionismo montano, passeggiare, andare a cavallo
cucinare
dipingere, disegnare
fotografia
guardare documentari, film, telefilm, serie tv, sport",3,Fox,Right
114,Rarely useful,e-mail,Altro,"Instagram
Facebook","Netflix
Amazon Prime video",Zoom,7,Car,Istituto Professionale,2000,38,2,1,Sky blue,Dog,160,180,160,Blond,Green,Female,60,"ascoltare la musica
ballare
guardare documentari, film, telefilm, serie tv, sport
palestra
shopping
varie (make up, mangiare dolci,  uncinetto, brainstorming, ...)",5,Dog,Right
115,Difficult,"e-mail
whatsapp","WhatsApp
Skype
Altro","You Tube
Instagram","Netflix
Amazon Prime video",Meet,1,Car,Liceo Linguistico,2001,35,8,1,Other,"Cat
Dog
Other",165,170,156,Brown,Green,Female,51,"ascoltare la musica
assistere ad eventi dal vivo (attività sportive, concerti)
cantare
cucinare
guardare documentari, film, telefilm, serie tv, sport
suonare strumenti musicali
varie (make up, mangiare dolci,  uncinetto, brainstorming, ...)
turismo",12,Hedgehog,Ambidextrous
116,Sometimes helpful,whatsapp,"WhatsApp
Skype","You Tube
Instagram
Facebook",NA,"Zoom
Skype",7,Walk,Istituto tecnico settore economico,2000,45,5,1,Red,None,160,180,187,Brown,Brown,Male,90,"ascoltare la musica
cucinare
motori
tecnologia, pc, scienza",6,lince,Right
117,Often useful,whatsapp,WhatsApp,Instagram,"Netflix
Amazon Prime video",Meet,5,Walk,Liceo Linguistico,2002,37,9,1,Red,None,167,178,161,Brown,Brown,Female,45,"ascoltare la musica
assistere ad eventi dal vivo (attività sportive, concerti)
cantare
guardare documentari, film, telefilm, serie tv, sport
storia dell’arte
varie (make up, mangiare dolci,  uncinetto, brainstorming, ...)",1,Koala,Right
118,Difficult,whatsapp,"WhatsApp
FaceTime","You Tube
Instagram",Netflix,"Zoom
Skype
FaceTime",6,Train,Liceo Linguistico,2001,37,6,1,Black,None,163,179,165,Brown,Green,Female,49,"ascoltare la musica
assistere ad eventi dal vivo (attività sportive, concerti)
camminare, escursionismo montano, passeggiare, andare a cavallo
cantare
cucinare
guardare documentari, film, telefilm, serie tv, sport
sport
turismo
volontariato (croce rossa, 118)",3,Horse,Right
119,Often useful,e-mail,"WhatsApp
FaceTime",Instagram,"Netflix
Amazon Prime video","Zoom
Meet",4,Train,Liceo Classico,2001,38,2,3,Pink,None,165,180,170,Blond,Green,Female,58,"camminare, escursionismo montano, passeggiare, andare a cavallo
cucinare
moda
shopping
storia dell’arte",5,Cat,Right
120,Often useful,"e-mail
whatsapp","FaceTime
Altro","You Tube
Instagram
Facebook","Netflix
Amazon Prime video","Zoom
Meet",3,Bus,Other,2001,39,5,2,Black,Dog,165,NA,165,Brown,Brown,NA,60,"ascoltare la musica
cinema
scrittura
volontariato (croce rossa, 118)",9,Koala,Right
121,Difficult,e-mail,"Skype
Google Duo
Altro","You Tube
Instagram
Facebook","Netflix
Amazon Prime video","Zoom
Meet
Skype",4,Bicycle,Liceo Linguistico,2001,39,3,3,Green,None,177,185,170,Blond,Green,Female,67,"ascoltare la musica
assistere ad eventi dal vivo (attività sportive, concerti)
ballare
camminare, escursionismo montano, passeggiare, andare a cavallo
cinema
dipingere, disegnare
fotografia
guardare documentari, film, telefilm, serie tv, sport
letture particolari: manga, news di natura finanziaria
recitazione (stand up comedy)
scrittura
volontariato (croce rossa, 118)",11,Dolphin,Right
122,Sometimes helpful,"e-mail
whatsapp","WhatsApp
Altro","You Tube
Instagram
Altro","Amazon Prime video
TimVision","Zoom
Meet",8,Car,Other,2001,46,9,1,Red,None,165,182,185,Brown,Brown,Male,85,"ascoltare la musica
assistere ad eventi dal vivo (attività sportive, concerti)
guardare documentari, film, telefilm, serie tv, sport
motori
sport
storia dell’arte
turismo
videogiochi",9,Wolf,Right
123,Difficult,e-mail,"WhatsApp
Altro","You Tube
Twitter
Instagram",Netflix,"Zoom
Meet",3,Bus,Liceo Linguistico,2001,39,4,0,Violet,Cat,155,178,163,Brown,Brown,Female,50,"ascoltare la musica
assistere ad eventi dal vivo (attività sportive, concerti)
ballare
cucinare
danza
studiare lingue orientali
suonare strumenti musicali
tecnologia, pc, scienza",2,Koala,Right
124,Often useful,"e-mail
whatsapp","WhatsApp
Skype
Altro","You Tube
Instagram
Facebook
Altro","Netflix
Amazon Prime video","Zoom
Meet
Skype",7,Car,Istituto tecnico settore tecnologico,2001,39,7,1,Pink,None,155,180,165,Brown,Brown,Female,54,"ascoltare la musica
camminare, escursionismo montano, passeggiare, andare a cavallo",10,Dog,Right
125,Rarely useful,whatsapp,"WhatsApp
Altro","You Tube
Instagram
Facebook","Netflix
Amazon Prime video","Zoom
Meet",1,Car,Liceo Scientifico,2001,38,6,1,White,"Cat
Dog
Fish",175,185,181,Blond,Blue,Female,60,"ascoltare la musica
fotografia
guardare documentari, film, telefilm, serie tv, sport
shopping
tecnologia, pc, scienza",6,Dog,Right
126,Often useful,"e-mail
whatsapp","FaceTime
Altro","You Tube
Twitter
Instagram
Facebook","Netflix
Amazon Prime video","Zoom
Meet",3,Car,Liceo Linguistico,2001,40,4,0,Blue,None,170,185,176,Blond,Green,Female,54,"ascoltare la musica
ballare
cantare
danza
fotografia
palestra
shopping
suonare strumenti musicali
varie (make up, mangiare dolci,  uncinetto, brainstorming, ...)",1,Dog,Right
127,Often useful,e-mail,"WhatsApp
FaceTime","You Tube
Instagram
Facebook",Netflix,Meet,8,Car,Istituto tecnico settore tecnologico,2001,38,10,1,Red,None,170,175,160,Brown,Brown,Female,59,"ascoltare la musica
shopping",9,Dog,Right
128,Sometimes helpful,"e-mail
skype
whatsapp","Skype
FaceTime","You Tube
Instagram","Netflix
Amazon Prime video","Zoom
Meet",7,Car,Liceo Scientifico,2001,39,3,1,Black,Rabbit,155,185,168,Brown,Brown,Female,52,"ascoltare la musica
dipingere, disegnare
fotografia",9,Rabbit,Left
129,Sometimes helpful,"e-mail
whatsapp","WhatsApp
Skype
FaceTime","You Tube
Instagram
Facebook","Netflix
Amazon Prime video","Zoom
Meet",10,Car,Liceo Scientifico,2001,39,5,1,Yellow,Other,165,180,165,Brown,Brown,Female,60,"ascoltare la musica
assistere ad eventi dal vivo (attività sportive, concerti)
ballare
cinema
guardare documentari, film, telefilm, serie tv, sport
motori",12,Monkey,Right
130,Often useful,whatsapp,Altro,"You Tube
Instagram","Netflix
Infinity","Zoom
Meet
Skype",7,Bus,Liceo Classico,2001,37,2,0,Red,Cat,165,180,160,Brown,Green,Female,62,"ascoltare la musica
ballare
camminare, escursionismo montano, passeggiare, andare a cavallo",8,Horse,Right
131,Rarely useful,"e-mail
skype
whatsapp","WhatsApp
Skype
Altro","Instagram
Facebook
Altro","Netflix
Amazon Prime video","Zoom
Meet",9,Car,Liceo Scientifico,1999,39,6,2,Blue,"Cat
Dog
Rodents",180,185,172,Brown,Brown,Female,63,"ascoltare la musica
camminare, escursionismo montano, passeggiare, andare a cavallo
giardinaggio, orto
guardare documentari, film, telefilm, serie tv, sport
palestra
sport
tecnologia, pc, scienza",5,Wolf,Right
132,Sometimes helpful,"e-mail
whatsapp
messanger
Telegram",Altro,"You Tube
Twitter
Instagram
Facebook
Altro","Netflix
Amazon Prime video",Meet,9,Train,Liceo Linguistico,1999,38,4,1,Pink,Cat,165,175,163,Red,Blue,Female,50,"letture particolari: manga, news di natura finanziaria
shopping
tecnologia, pc, scienza
varie (make up, mangiare dolci,  uncinetto, brainstorming, ...)
videogiochi",6,Fox,Right
133,Difficult,"e-mail
whatsapp","WhatsApp
Skype
FaceTime
Altro",Instagram,Netflix,"Zoom
Skype",2,Walk,Liceo Scientifico,2001,38,2,1,Green,Cat,169,175,163,Blond,Blue,Female,55,"ascoltare la musica
sport
suonare strumenti musicali",5,Alpaca,Ambidextrous
134,Sometimes helpful,"e-mail
whatsapp","WhatsApp
Skype","You Tube
Instagram",Netflix,"Zoom
Meet",3,Car,Liceo Scientifico,2001,36,2,2,Yellow,None,162,174,163,Brown,Blue,Female,56,"ascoltare la musica
ballare
cinema
dipingere, disegnare
fotografia
guardare documentari, film, telefilm, serie tv, sport
motori
sport
scrittura
varie (make up, mangiare dolci,  uncinetto, brainstorming, ...)",3,Panther,Right
135,Often useful,whatsapp,FaceTime,"You Tube
Instagram",Netflix,Meet,2,Car,Other,2000,38.5,6,1,Yellow,Dog,166,177,169,Brown,Brown,Female,53,"cucinare
guardare documentari, film, telefilm, serie tv, sport
moda
motori
palestra
sport
shopping",4,Dog,Left
136,Often useful,"e-mail
whatsapp
Telegram","WhatsApp
FaceTime
Altro","You Tube
Instagram
Facebook",Netflix,"Zoom
Meet",9,Car,Liceo Scientifico,2001,39,6,0,Pink,None,167,170,164,Brown,Brown,Female,65,"ascoltare la musica
assistere ad eventi dal vivo (attività sportive, concerti)
ballare
camminare, escursionismo montano, passeggiare, andare a cavallo
cucinare
guardare documentari, film, telefilm, serie tv, sport
letture particolari: manga, news di natura finanziaria
moda
palestra
shopping
suonare strumenti musicali
tecnologia, pc, scienza
varie (make up, mangiare dolci,  uncinetto, brainstorming, ...)",6,Cat,Right
137,Sometimes helpful,"e-mail
whatsapp","WhatsApp
Altro","You Tube
Instagram
Facebook",Netflix,"Zoom
Meet",3,Car,Other,2001,37,8,1,Sky blue,None,165,180,160,Blond,Green,Female,58,"letture particolari: manga, news di natura finanziaria",12,Penguin,Right
138,Often useful,"e-mail
whatsapp",WhatsApp,"You Tube
Instagram",Netflix,"Zoom
Meet",4,Car,Liceo Scientifico,2001,37,9,0,White,Dog,160,178,166,Brown,Green,Female,50,"ascoltare la musica
ballare
dipingere, disegnare
guardare documentari, film, telefilm, serie tv, sport
sport
videogiochi",3,NA,Right
139,Often useful,e-mail,WhatsApp,Instagram,Netflix,Zoom,9,Train,Istituto tecnico settore economico,2001,37,2,0,Red,Dog,168,175,170,Blond,Green,Female,48,ascoltare la musica,3,Horse,Right
140,Difficult,"e-mail
whatsapp","WhatsApp
FaceTime",Instagram,"Netflix
Amazon Prime video","Skype
FaceTime",3,Car,Other,2001,36,6,1,Sky blue,Dog,150,175,170,Brown,Brown,Female,58,"ascoltare la musica
ballare
danza
palestra",3,Horse,Ambidextrous
141,Useless,e-mail,Altro,NA,NA,NA,NA,NA,NA,NA,NA,NA,NA,NA,NA,NA,NA,NA,NA,NA,NA,NA,NA,NA,NA,Right
142,Rarely useful,"e-mail
whatsapp
messaggi","WhatsApp
Messsanger","You Tube
Instagram
Facebook","Netflix
Amazon Prime video","Zoom
Meet",6,Car,Other,2001,43,8,1,Green,Cat,170,170,180,Brown,Brown,Female,95,"ascoltare la musica
camminare, escursionismo montano, passeggiare, andare a cavallo
cucinare
fotografia
giardinaggio, orto
guardare documentari, film, telefilm, serie tv, sport
sport
suonare strumenti musicali",8,Lion,Right
143,Sometimes helpful,"e-mail
whatsapp",WhatsApp,"You Tube
Instagram","Netflix
Amazon Prime video",Meet,1,Car,Liceo Scientifico,2001,40,2,1,Green,Dog,170,185,175,Blond,Blue,Female,58,"arti orientali: yoga, wing chun
ascoltare la musica
camminare, escursionismo montano, passeggiare, andare a cavallo
cucinare
guardare documentari, film, telefilm, serie tv, sport
letture particolari: manga, news di natura finanziaria
motori
sport
scrittura",4,Lion,Right
144,Often useful,e-mail,"WhatsApp
FaceTime",Instagram,"Amazon Prime video
AppleTV+","Zoom
Meet",9,Car,Other,1999,45,8,1,Green,Dog,165,177,191,Brown,Green,Male,76,"ascoltare la musica
giardinaggio, orto",9,Dolphin,Right
145,Often useful,"e-mail
whatsapp
Altro","WhatsApp
FaceTime
Altro","You Tube
Twitter
Instagram
Altro","Netflix
Amazon Prime video","Zoom
Meet",4,Train,Istituto tecnico settore economico,2001,43,10,1,Blue,None,162,170,174,Black,Brown,Male,70,"ascoltare la musica
cinema
dipingere, disegnare
guardare documentari, film, telefilm, serie tv, sport
letture particolari: manga, news di natura finanziaria
sport",6,Quokka,Right
146,Difficult,"e-mail
skype
whatsapp","WhatsApp
Skype","You Tube
Instagram","Netflix
Amazon Prime video","Meet
Skype",8,Bicycle,Liceo Scientifico,2001,43,4,1,Sky blue,None,173,177,183,Black,Blue,Male,72,"assistere ad eventi dal vivo (attività sportive, concerti)
camminare, escursionismo montano, passeggiare, andare a cavallo
guardare documentari, film, telefilm, serie tv, sport
motori
sport
tecnologia, pc, scienza
turismo
videogiochi",1,Wolf,Right
147,Often useful,e-mail,WhatsApp,Instagram,Netflix,Meet,2,Car,Liceo Scientifico,2001,38,10,1,Red,"Cat
Dog",170,195,172,Brown,Green,Female,55,"ascoltare la musica
assistere ad eventi dal vivo (attività sportive, concerti)
ballare
cinema
moda
shopping
tecnologia, pc, scienza
turismo",6,Monkey,Right
148,Often useful,"e-mail
whatsapp","WhatsApp
FaceTime","Instagram
Facebook","Netflix
Amazon Prime video",Meet,6,Car,Liceo Classico,2001,38,6,0,Black,"Cat
Dog",160,173,167,Brown,Brown,Female,55,"ascoltare la musica
ballare
camminare, escursionismo montano, passeggiare, andare a cavallo
cinema
cucinare
danza
guardare documentari, film, telefilm, serie tv, sport
moda
palestra
sport
shopping
varie (make up, mangiare dolci,  uncinetto, brainstorming, ...)
turismo",9,Cat,Right
149,Difficult,whatsapp,"WhatsApp
FaceTime","Instagram
Altro",Netflix,Meet,7,Car,Liceo Linguistico,2001,42,8,2,Black,Cat,168,185,175,Brown,Blue,Female,72,"ascoltare la musica
assistere ad eventi dal vivo (attività sportive, concerti)
cantare
cucinare
guardare documentari, film, telefilm, serie tv, sport
suonare strumenti musicali",3,Wolf,Left
150,Difficult,"e-mail
whatsapp",FaceTime,Instagram,Netflix,Meet,8,Car,Liceo Classico,1999,37,3,1,Sky blue,Dog,160,180,158,Brown,Green,Female,60,"ascoltare la musica
ballare
danza
fotografia
guardare documentari, film, telefilm, serie tv, sport
moda
shopping",6,Dog,Ambidextrous
151,Rarely useful,e-mail,"WhatsApp
FaceTime","You Tube
Instagram
Facebook","Netflix
Amazon Prime video","Zoom
Meet",3,Walk,Liceo Linguistico,1998,39,NA,>4,Green,None,163,175,164,Red,Brown,Female,54,"cantare
dipingere, disegnare
letture particolari: manga, news di natura finanziaria
suonare strumenti musicali",10,Dog,Right
152,Sometimes helpful,e-mail,WhatsApp,"You Tube
Instagram","Netflix
Amazon Prime video",Meet,3,Car,Istituto tecnico settore tecnologico,1999,38,4,3,Violet,None,158,180,161,Brown,Brown,Female,58,"ballare
cinema
cucinare
dipingere, disegnare
guardare documentari, film, telefilm, serie tv, sport
varie (make up, mangiare dolci,  uncinetto, brainstorming, ...)",11,Cat,Right
153,Difficult,"e-mail
whatsapp","Skype
FaceTime","You Tube
Instagram
Facebook","Netflix
Amazon Prime video
TimVision",Meet,7,Car,Other,1998,37,8,0,Red,Dog,NA,NA,NA,Blond,Green,Female,NA,"assistere ad eventi dal vivo (attività sportive, concerti)
camminare, escursionismo montano, passeggiare, andare a cavallo
fotografia
palestra
sport
turismo
videogiochi
volontariato (croce rossa, 118)",7,Dolphin,Right
154,Sometimes helpful,"e-mail
whatsapp
messaggi","WhatsApp
FaceTime","You Tube
Instagram","Netflix
Amazon Prime video
Chili
Infinity
AppleTV+","Zoom
Meet
FaceTime",7,Train,Liceo Scientifico,2001,39,3,1,Sky blue,None,150,183,167,Brown,Green,Female,57,"ascoltare la musica
assistere ad eventi dal vivo (attività sportive, concerti)
ballare
cantare
cinema
cucinare
danza
guardare documentari, film, telefilm, serie tv, sport
moda
palestra
tecnologia, pc, scienza
varie (make up, mangiare dolci,  uncinetto, brainstorming, ...)",12,Lion,Right
155,Sometimes helpful,"e-mail
whatsapp","WhatsApp
FaceTime","You Tube
Instagram","Netflix
Amazon Prime video",Meet,9,Walk,Liceo Linguistico,1998,38,1,1,Blue,"Cat
Dog",162,169,160,Blond,Brown,Female,60,"camminare, escursionismo montano, passeggiare, andare a cavallo
cinema
cucinare
guardare documentari, film, telefilm, serie tv, sport",3,Horse,Right
156,Rarely useful,whatsapp,"WhatsApp
FaceTime","Instagram
Facebook","Netflix
Amazon Prime video","Zoom
Meet",8,Car,Liceo Scientifico,2001,38,2,1,Red,None,160,170,162,Brown,Brown,Female,67,"ballare
camminare, escursionismo montano, passeggiare, andare a cavallo
cantare
dipingere, disegnare
fotografia
guardare documentari, film, telefilm, serie tv, sport
shopping
storia dell’arte
suonare strumenti musicali",1,Dog,Right
157,Sometimes helpful,"e-mail
whatsapp","WhatsApp
Skype","Instagram
Facebook",Amazon Prime video,"Meet
Skype",8,Car,Other,2001,39,4,1,Sky blue,Dog,165,NA,166,Brown,Brown,Female,50,"ascoltare la musica
assistere ad eventi dal vivo (attività sportive, concerti)
camminare, escursionismo montano, passeggiare, andare a cavallo
cinema
guardare documentari, film, telefilm, serie tv, sport",5,Dog,Right
158,Sometimes helpful,whatsapp,Altro,"You Tube
Twitter
Instagram",Netflix,Zoom,5,Car,Liceo Classico,2001,36,3,0,Orange,Cat,155,160,155,Brown,Brown,Female,48,"ascoltare la musica
guardare documentari, film, telefilm, serie tv, sport",3,Cat,Right
159,Difficult,e-mail,"WhatsApp
FaceTime",Instagram,Netflix,"Zoom
Meet",3,Car,Istituto tecnico settore economico,2000,38,3,0,Red,Dog,164,175,162,Brown,Brown,Female,60,"assistere ad eventi dal vivo (attività sportive, concerti)
ballare
camminare, escursionismo montano, passeggiare, andare a cavallo
cucinare
danza
palestra
sport
shopping
turismo
volontariato (croce rossa, 118)",11,Dog,Right
160,Sometimes helpful,"e-mail
whatsapp","WhatsApp
Skype
FaceTime","You Tube
Twitter
Instagram","Netflix
Amazon Prime video
TimVision","Zoom
Meet
Skype",4,Car,Liceo Scientifico,2001,36,3,1,Violet,Cat,165,175,160,Brown,Green,Female,50,"ascoltare la musica
cinema
guardare documentari, film, telefilm, serie tv, sport
sport",3,Cat,Right
161,Sometimes helpful,"e-mail
whatsapp","WhatsApp
Altro","You Tube
Instagram",NA,"Zoom
Meet",7,Bus,Liceo Scientifico,2001,39,4,1,Orange,Cat,165,180,163,Blond,Brown,Female,68,"ascoltare la musica
camminare, escursionismo montano, passeggiare, andare a cavallo
cucinare
guardare documentari, film, telefilm, serie tv, sport
letture particolari: manga, news di natura finanziaria",5,Cat,Right
162,Rarely useful,"whatsapp
Telegram","WhatsApp
Altro","You Tube
Instagram","Netflix
Amazon Prime video",Meet,7,Car,Istituto tecnico settore tecnologico,2001,41,7,1,Black,Fish,163,182,175,Black,Green,Male,85,"ascoltare la musica
tecnologia, pc, scienza",8,Panda,Right
163,Often useful,"e-mail
whatsapp","WhatsApp
FaceTime",Instagram,Netflix,"Zoom
Meet
FaceTime",7,Car,Liceo Scientifico,2001,36,4,1,Sky blue,Cat,165,175,163,Brown,Brown,Female,45,"ascoltare la musica
danza
sport",9,Cat,Right
164,Sometimes helpful,"e-mail
whatsapp","WhatsApp
Altro","You Tube
Instagram
Facebook",NA,"Zoom
Meet",4,Car,Liceo Scientifico,2001,NA,4,1,Green,None,NA,NA,171,Brown,Brown,Male,64,"ascoltare la musica
letture particolari: manga, news di natura finanziaria
palestra
tecnologia, pc, scienza
videogiochi",8,Dog,Ambidextrous
165,Often useful,e-mail,FaceTime,Instagram,Netflix,Meet,10,Car,Liceo Scientifico,2001,40,1,0,Black,Cat,168,180,165,Black,Brown,Female,60,"ascoltare la musica
ballare
moda
palestra
shopping
studiare lingue orientali
varie (make up, mangiare dolci,  uncinetto, brainstorming, ...)",5,Quokka,Right
166,Rarely useful,"e-mail
whatsapp","WhatsApp
Skype
FaceTime",Instagram,"Netflix
Amazon Prime video","Zoom
Meet
Skype",8,Car,Istituto tecnico settore tecnologico,2001,38,8,1,Sky blue,Cat,163,181,165,Brown,Brown,Female,49,"ascoltare la musica
cinema
guardare documentari, film, telefilm, serie tv, sport
sport
shopping
tecnologia, pc, scienza",2,Cat,Right
167,Sometimes helpful,"e-mail
skype
whatsapp","WhatsApp
Skype
FaceTime","You Tube
Instagram
Facebook","Netflix
Amazon Prime video","Zoom
Meet",3,Car,Liceo Classico,2001,38,3,2,White,None,170,175,167,Blond,Brown,Female,50,"ascoltare la musica
ballare
camminare, escursionismo montano, passeggiare, andare a cavallo
cantare
cinema
cucinare
dipingere, disegnare
fotografia
giardinaggio, orto
guardare documentari, film, telefilm, serie tv, sport
moda
palestra
sport
shopping
suonare strumenti musicali
varie (make up, mangiare dolci,  uncinetto, brainstorming, ...)
turismo
videogiochi",5,Dog,Right
168,Sometimes helpful,"e-mail
whatsapp","WhatsApp
FaceTime
Altro","You Tube
Instagram","Netflix
Amazon Prime video","Zoom
Meet",8,Car,Liceo Classico,2001,43,5,2,Green,Dog,165,185,175,Brown,Green,Male,73,"ascoltare la musica
cucinare
palestra
sport",10,Dog,Right
169,Often useful,whatsapp,Altro,Instagram,"Netflix
Amazon Prime video
Infinity","Zoom
Meet",5,Car,Liceo Classico,1999,38,3,2,Blue,Dog,158,172,163,Brown,Blue,Female,44,"assistere ad eventi dal vivo (attività sportive, concerti)
cinema
cucinare
fotografia
sport
shopping
tecnologia, pc, scienza",9,Dog,Right
170,Difficult,"e-mail
skype
whatsapp
messaggi","WhatsApp
Skype","You Tube
Instagram",Amazon Prime video,"Zoom
Meet
Skype",3,Train,Other,2001,40,6,1,Blue,None,160,185,165,Brown,Brown,Female,51,sport,3,Koala,Right
171,Difficult,"e-mail
whatsapp","WhatsApp
FaceTime","You Tube
Instagram
Facebook","Netflix
Amazon Prime video","Zoom
Meet",2,Car,Istituto tecnico settore economico,2000,38,4,1,Violet,Cat,160,165,163,Brown,Brown,Male,60,"ascoltare la musica
ballare
camminare, escursionismo montano, passeggiare, andare a cavallo
palestra",6,Cat,Right
172,Often useful,whatsapp,FaceTime,"You Tube
Instagram",NA,Meet,9,Train,Istituto tecnico settore tecnologico,1996,39,2,1,Red,Dog,160,172,164,Red,Brown,Female,59,"ascoltare la musica
cucinare
dipingere, disegnare
fotografia
sport
turismo",11,Monkey,Right
173,Often useful,"e-mail
whatsapp",Altro,"Instagram
Facebook",Amazon Prime video,Zoom,7,Walk,Istituto Professionale,1990,42,3,3,Green,"Dog
Fish
Other",170,170,171,Black,Brown,Male,85,"camminare, escursionismo montano, passeggiare, andare a cavallo
videogiochi",10,Lion,Right
174,Often useful,"e-mail
whatsapp
messaggi
Telegram
weChat","WhatsApp
Skype
FaceTime","You Tube
Instagram
Facebook",Amazon Prime video,"Zoom
Meet
Skype",7,Car,Istituto tecnico settore economico,1999,39,4,0,Yellow,None,165,167,169,Blond,Blue,Female,70,"arti orientali: yoga, wing chun
assistere ad eventi dal vivo (attività sportive, concerti)
camminare, escursionismo montano, passeggiare, andare a cavallo
cantare
cucinare
moda
tecnologia, pc, scienza
varie (make up, mangiare dolci,  uncinetto, brainstorming, ...)",5,Cat,Right
175,Often useful,"e-mail
whatsapp
Telegram",FaceTime,Instagram,"Netflix
Amazon Prime video
Infinity
AppleTV+","Zoom
Meet",3,Walk,Liceo Scientifico,2001,37,1,2,Orange,Cat,162,183,156,Brown,Brown,Female,NA,"ascoltare la musica
ballare
cantare
shopping
suonare strumenti musicali",8,Lion,Right
176,Difficult,"whatsapp
messaggi
snapchat
Altro",WhatsApp,Instagram,NA,Meet,4,Walk,Liceo Classico,2001,39,1,3,Blue,None,165,194,175,Brown,Brown,Female,57,"ascoltare la musica
ballare
cantare
cucinare
dipingere, disegnare
fotografia
scrittura",6,Cat,Right
177,Rarely useful,"whatsapp
Altro","WhatsApp
FaceTime","Instagram
Altro","Netflix
Amazon Prime video","Zoom
Meet",8,Walk,Liceo Scientifico,2001,39,4,0,Pink,Cat,165,172,158,Brown,Brown,Female,60,"ascoltare la musica
assistere ad eventi dal vivo (attività sportive, concerti)
camminare, escursionismo montano, passeggiare, andare a cavallo
cinema
cucinare
guardare documentari, film, telefilm, serie tv, sport
moda
palestra
sport
shopping
storia dell’arte
varie (make up, mangiare dolci,  uncinetto, brainstorming, ...)",10,Cat,Right
178,Often useful,"e-mail
whatsapp
Telegram","WhatsApp
Altro","You Tube
Instagram
Facebook","Netflix
Amazon Prime video","Zoom
Meet",3,Walk,Other,1998,37,4,1,Blue,"Dog
Birds",163,172,165,Brown,Brown,Female,50,"arti orientali: yoga, wing chun
camminare, escursionismo montano, passeggiare, andare a cavallo
cucinare
giardinaggio, orto
turismo",9,Dog,Right
179,Difficult,whatsapp,"WhatsApp
FaceTime","You Tube
Instagram","Netflix
Amazon Prime video","Zoom
Meet",8,Walk,Liceo Scientifico,2001,38,10,1,White,None,165,180,163,Blond,Blue,Female,50,"ascoltare la musica
ballare
cantare
dipingere, disegnare
fotografia
moda
shopping
storia dell’arte
varie (make up, mangiare dolci,  uncinetto, brainstorming, ...)
turismo
volontariato (croce rossa, 118)",4,Quokka,Right
180,Rarely useful,"whatsapp
Telegram",Skype,"You Tube
Instagram","Netflix
Amazon Prime video",Skype,8,Car,Liceo Artistico,1998,42,4,2,Black,Dog,160,160,170,Black,Brown,Male,80,"ascoltare la musica
camminare, escursionismo montano, passeggiare, andare a cavallo
cucinare
dipingere, disegnare
fotografia
letture particolari: manga, news di natura finanziaria
palestra
tecnologia, pc, scienza
videogiochi",10,Tiger,Right
181,Sometimes helpful,e-mail,Skype,"You Tube
Twitter",NA,Skype,6,Walk,Istituto tecnico settore tecnologico,2001,38,3,2,Sky blue,"Cat
Dog
Birds",167,185,164,Brown,Brown,Female,50,"arti orientali: yoga, wing chun
ascoltare la musica
giardinaggio, orto
letture particolari: manga, news di natura finanziaria
varie (make up, mangiare dolci,  uncinetto, brainstorming, ...)",8,Quokka,Right
182,Sometimes helpful,"e-mail
whatsapp","WhatsApp
FaceTime","You Tube
Instagram
Facebook","Netflix
Amazon Prime video
TimVision","Meet
Skype",5,Car,Other,2000,38,4,1,Green,"Dog
Other",170,170,168,Black,Green,Female,60,"ballare
cantare
dipingere, disegnare
letture particolari: manga, news di natura finanziaria
scrittura
shopping",2,Horse,Left
183,Sometimes helpful,"e-mail
whatsapp","WhatsApp
Skype
Google Duo","You Tube
Instagram
Facebook
Altro",NA,"Zoom
Meet
Skype
Duo",8,Bus,Istituto tecnico settore tecnologico,2001,40,5,1,Violet,Cat,155,180,165,Black,Brown,Female,70,"ascoltare la musica
cucinare",3,Elephans,Right
184,Often useful,"e-mail
whatsapp","WhatsApp
FaceTime",Instagram,Netflix,Meet,2,Car,Liceo Scientifico,2001,39,5,3,NA,None,169,180,167,Brown,Brown,Female,54,"ascoltare la musica
guardare documentari, film, telefilm, serie tv, sport
varie (make up, mangiare dolci,  uncinetto, brainstorming, ...)",12,Dog,Right
185,Difficult,"e-mail
whatsapp
messaggi","WhatsApp
Skype
FaceTime
Altro","Instagram
Facebook
Linkedin","Netflix
Amazon Prime video
Infinity
AppleTV+","Zoom
Meet
Skype
FaceTime",7,Car,Other,1994,39,5,1,Blue,Rodents,165,168,170,Brown,Brown,Female,66,"ascoltare la musica
camminare, escursionismo montano, passeggiare, andare a cavallo
cinema
guardare documentari, film, telefilm, serie tv, sport
sport
shopping
storia dell’arte",4,Panther,Right
186,Often useful,"e-mail
whatsapp",WhatsApp,"You Tube
Instagram
Altro",Netflix,Meet,9,Train,Liceo Scientifico,2001,42,2,1,Blue,None,165,170,170,Brown,Brown,Male,70,"ascoltare la musica
ballare
guardare documentari, film, telefilm, serie tv, sport
motori
sport
tecnologia, pc, scienza
videogiochi",3,Dog,Right
187,Sometimes helpful,"e-mail
whatsapp","WhatsApp
Skype
FaceTime","Instagram
Altro","Netflix
Amazon Prime video","Zoom
Meet",3,Car sharing,Liceo Scientifico,2002,39,5,2,Red,"Cat
Dog",170,184,176,Brown,Blue,Female,NA,"camminare, escursionismo montano, passeggiare, andare a cavallo
fotografia
guardare documentari, film, telefilm, serie tv, sport
moda
scrittura
shopping
turismo",6,Dolphin,Right
188,Difficult,e-mail,WhatsApp,"You Tube
Instagram","Netflix
Amazon Prime video","Zoom
Meet",9,Bicycle,Istituto Professionale,2001,39,10,1,Other,None,170,171,168,Blond,Green,Female,64,"ascoltare la musica
assistere ad eventi dal vivo (attività sportive, concerti)
cucinare
dipingere, disegnare
fotografia
palestra
sport
suonare strumenti musicali",10,Dog,Right
189,Often useful,whatsapp,"WhatsApp
Altro",Instagram,Netflix,Meet,3,Car,Liceo Classico,2001,39,2,1,Green,Cat,158,179,170,Blond,Green,Female,50,"ascoltare la musica
ballare
camminare, escursionismo montano, passeggiare, andare a cavallo
guardare documentari, film, telefilm, serie tv, sport
palestra
sport
storia dell’arte
tecnologia, pc, scienza
turismo",6,Horse,Right
190,Sometimes helpful,"e-mail
whatsapp
hangouts
Altro","WhatsApp
FaceTime","You Tube
Instagram","Netflix
Amazon Prime video
AppleTV+","Meet
FaceTime",5,Car,Other,2000,43,2,1,Black,Dog,160,180,175,Brown,Brown,Male,65,"ascoltare la musica
camminare, escursionismo montano, passeggiare, andare a cavallo
comporre musica e coreografie
palestra
shopping
suonare strumenti musicali
tecnologia, pc, scienza
videogiochi",5,Dog,Right